{
    "ascent": [
        "Ascent_Art_A",
        "Ascent_Art_APathMid",
        "Ascent_Art_Atk",
        "Ascent_Art_AtkPathA",
        "Ascent_Art_AtkPathB",
        "Ascent_Art_B",
        "Ascent_Art_Def",
        "Ascent_Art_DefPathA",
        "Ascent_Art_DefPathB",
        "Ascent_Art_Env_VFX",
        "Ascent_Art_Mid",
        "Ascent_Art_Vista",
        "Ascent_Art_VistaA",
        "Ascent_Art_VistaAtk",
        "Ascent_Art_VistaB",
        "Ascent_Art_VistaDef",
        "Ascent_Gameplay",
        "Ascent_Lighting"
    ],
    "split": [
        "Bonsai_Art_A",
        "Bonsai_Art_AtkPathA",
        "Bonsai_Art_AtkPathB",
        "Bonsai_Art_AtkSpawn",
        "Bonsai_Art_ATower",
        "Bonsai_Art_B",
        "Bonsai_Art_BTower",
        "Bonsai_Art_DefPathA",
        "Bonsai_Art_DefPathB",
        "Bonsai_Art_DefSpawn",
        "Bonsai_Art_Mid",
        "Bonsai_Art_MidConstruction",
        "Bonsai_Art_MidVent",
        "Bonsai_Art_Sewer",
        "Bonsai_Art_VistaA",
        "Bonsai_Art_VistaAtk",
        "Bonsai_Art_VistaB",
        "Bonsai_Art_VistaDef",
        "Bonsai_Lighting",
        "Bonsai_Gameplay",
        "Bonsai_VFX"
    ],
    "bind": [
        "Duality_Art_A",
        "Duality_Art_Atk",
        "Duality_Art_AtkPathA",
        "Duality_Art_AtkPathB",
        "Duality_Art_B",
        "Duality_Art_BathHouse",
        "Duality_Art_Def",
        "Duality_Art_DefPathA",
        "Duality_Art_DefPathB",
        "Duality_Art_Destructibles",
        "Duality_Art_Lantern",
        "Duality_Art_Mid",
        "Duality_Art_MidPathA",
        "Duality_Art_MIdPathB",
        "Duality_Art_Signage",
        "Duality_Art_TPArrivalRooms",
        "Duality_Art_Vista",
        "Duality_Lighting",
        "Duality_Gameplay",
        "Duality_VFX"
    ],
    "icebox": [
        "Port_Art_A",
        "Port_Art_AtkPathB",
        "Port_Art_AtkSpawn",
        "Port_Art_B",
        "Port_Art_DefPathB",
        "Port_Art_DefSpawn",
        "Port_Art_Mid",
        "Port_Art_SnowAll",
        "Port_Art_Vista",
        "Port_Art_VistaA",
        "Port_Art_VistaB",
        "Port_Gameplay",
        "Port_Lighting",
        "Port_Art_VFX"
    ],
    "breeze": [
        "Foxtrot_Art_A",
        "Foxtrot_Art_A_Tunnel",
        "Foxtrot_Art_AtkPath_A",
        "Foxtrot_Art_AtkPath_B",
        "Foxtrot_Art_AtkSpawn",
        "Foxtrot_Art_B",
        "Foxtrot_Art_DefPath_B",
        "Foxtrot_Art_DefPath_Mid",
        "Foxtrot_Art_DefSpawn",
        "Foxtrot_Art_Mid",
        "Foxtrot_Art_MidLower",
        "Foxtrot_Art_MidUpper",
        "Foxtrot_Art_VFX",
        "Foxtrot_Art_Vista",
        "Foxtrot_Art_VistaShip",
        "Foxtrot_Art_Workshop",
        "Foxtrot_Gameplay",
        "Foxtrot_Lighting"
    ],
    "haven": [
        "Triad_Art_A",
        "Triad_Art_Atk",
        "Triad_Art_AtkPathA",
        "Triad_Art_AtkPathB",
        "Triad_Art_AtkPathC",
        "Triad_Art_B",
        "Triad_Art_Basalt",
        "Triad_Art_C_Destruction",
        "Triad_Art_Def",
        "Triad_Art_Vista_Destruction",
        "Triad_Art_Vista",
        "Triad_LightingDestruction",
        "Triad_VFX_Destruction",
        "Triad_Art_Birthday",
        "Triad_Art_Destruction",
        "Triad_Art_Skybox",
        "Triad_Gameplay",
        "Triad_Lighting"
    ],
    "fracture": [
        "Canyon_Asite",
        "Canyon_AtkPathToASite",
        "Canyon_AtkPathToBSite",
        "Canyon_AtkSpawn",
        "Canyon_BackPath",
        "Canyon_BackPathtoA",
        "Canyon_BackPathToB",
        "Canyon_BSite",
        "Canyon_BSiteTunnel",
        "Canyon_Gameplay",
        "Canyon_Lighting",
        "Canyon_Mid",
        "Canyon_MidCollider",
        "Canyon_VFX",
        "Canyon_VistaA"
    ],
    "range": [
        "Range_Art_AsylumBasement",
        "Range_Art_AsylumDown",
        "Range_Art_AsylumUp",
        "Range_Art_BMainInterior",
        "Range_Art_Boathouse_hide",
        "Range_Art_Boathouse",
        "Range_Art_Bombsite",
        "Range_Art_Bridge",
        "Range_Art_Cemetery",
        "Range_Art_Gallery",
        "Range_Art_Hospital",
        "Range_Art_JumpCourse_Outdated",
        "Range_Art_JumpCourse",
        "Range_Art_Tower",
        "Range_Art_Vegetation",
        "Range_Art_Vista",
        "Range_Art_VTOL",
        "Range_Gameplay",
        "Range_Lighting",
        "Range_VFX"
    ],
    "pearl": [
        "Pitt_Lighting",
        "Pitt_Gameplay.umap",
        "Pitt_Art_Vista.umap",
        "Pitt_Art_VFX.umap",
        "Pitt_Art_Signage.umap",
        "Pitt_Art_Mid.umap",
        "Pitt_Art_DefVista.umap",
        "Pitt_Art_DefSpawn.umap",
        "Pitt_Art_DefPathB.umap",
        "Pitt_Art_DefPathA.umap",
        "Pitt_Art_BVista.umap",
        "Pitt_Art_BSite.umap",
        "Pitt_Art_Blockmesh.umap",
        "Pitt_Art_AtkVista.umap",
        "Pitt_Art_AtkSpawn.umap",
        "Pitt_Art_AtkPathMidToA.umap",
        "Pitt_Art_AtkPathMid.umap",
        "Pitt_Art_AtkPathB.umap",
        "Pitt_Art_AtkPathA.umap",
        "Pitt_Art_ASite.umap"
    ],
    "lotus": [
        "Jam_Art_ASite.umap",
        "Jam_Art_ASiteVista.umap",
        "Jam_Art_AtkPathA.umap",
        "Jam_Art_AtkPathB.umap",
        "Jam_Art_AtkPathC.umap",
        "Jam_Art_AtkSpawn.umap",
        "Jam_Art_AtkVista.umap",
        "Jam_Art_BSite.umap",
        "Jam_Art_CBConnector.umap",
        "Jam_Art_CSite.umap",
        "Jam_Art_DefPathA.umap",
        "Jam_Art_DefPathB.umap",
        "Jam_Art_DefPathC.umap",
        "Jam_Art_DefSpawn.umap",
        "Jam_Art_DefVista.umap",
        "Jam_Art_DoorBakeRooms.umap",
        "Jam_ArtDefPathCExterior.umap",
        "Jam_Gameplay.umap",
        "Jam_Lighting.umap"
      ],
    "character select": ["CharacterSelect_Ep02_01_EnvArt.umap", "CharacterSelect_Ep02_01_Lighting.umap"],
    "menu": ["MainMenuV2", "MainMenu_Ep02_01_Lighting", "MainMenu_Ep02_01_EnvArt", "MainMenu_Ep02_01_Characters"]
}
